{"cameraMode":{"drawMode":0,"name":"Shaded","section":"Shading Mode"},"sceneLighting":true,"audioPlay":false,"sceneViewState":{"m_AlwaysRefresh":false,"showFog":true,"showSkybox":true,"showFlares":true,"showImageEffects":true,"showParticleSystems":true,"showVisualEffectGraphs":true,"m_FxEnabled":true},"in2DMode":false,"pivot":{"x":98.61021423339844,"y":125.56941223144531,"z":40.43376541137695},"rotation":{"x":0.038686174899339679,"y":-0.8685567378997803,"z":-0.48958417773246767,"w":-0.06837643682956696},"size":17.24176025390625,"orthographic":false}